id,first_name,last_name,email,gender,ip_address
1,Kimberly,Hart,khart0@arstechnica.com,Female,130.35.152.6
2,William,Greene,wgreene1@istockphoto.com,Male,214.106.85.145
3,Craig,Hayes,chayes2@eventbrite.com,Male,92.27.161.105
4,Sharon,West,swest3@wikipedia.org,Female,82.66.76.169
5,Anna,Daniels,adaniels4@goo.ne.jp,Female,173.174.205.34
6,Gregory,Lawson,glawson5@blog.com,Male,194.116.190.51
7,Sharon,Smith,ssmith6@vimeo.com,Female,175.187.167.7
8,Robin,Fowler,rfowler7@marketwatch.com,Female,44.239.102.235
9,Beverly,Fernandez,bfernandez8@hhs.gov,Female,43.107.227.46
10,Andrea,Miller,amiller9@slashdot.org,Female,128.183.145.121
11,Amy,Castillo,acastilloa@admin.ch,Female,87.30.29.136
12,Patrick,White,pwhiteb@amazon.com,Male,40.111.95.47
13,Earl,Adams,eadamsc@sciencedaily.com,Male,220.64.136.30
14,Harold,Parker,hparkerd@princeton.edu,Male,194.199.132.144
15,Johnny,Woods,jwoodse@tumblr.com,Male,231.164.165.25
16,Amy,Stephens,astephensf@biblegateway.com,Female,210.212.35.218
17,Lawrence,Cunningham,lcunninghamg@mayoclinic.com,Male,18.116.23.155
18,Benjamin,Ramos,bramosh@dailymail.co.uk,Male,31.57.135.186
19,Annie,Gardner,agardneri@e-recht24.de,Female,30.142.194.166
20,George,Bennett,gbennettj@shop-pro.jp,Male,171.173.29.114
21,Brian,Lawrence,blawrencek@free.fr,Male,145.203.139.166
22,Alan,Turner,aturnerl@vkontakte.ru,Male,30.95.87.106
23,Mark,Morris,mmorrism@chron.com,Male,227.116.137.219
24,Shirley,Walker,swalkern@amazon.co.jp,Female,137.56.44.152
25,Ernest,Phillips,ephillipso@scientificamerican.com,Male,99.225.209.118
26,Jennifer,Cole,jcolep@unc.edu,Female,33.105.26.101
27,Benjamin,Fisher,bfisherq@vimeo.com,Male,2.198.119.11
28,Timothy,Rogers,trogersr@seattletimes.com,Male,97.124.108.186
29,Judy,Jones,jjoness@opera.com,Female,80.77.235.172
30,Todd,Stone,tstonet@tmall.com,Male,188.213.197.56
31,Lawrence,West,lwestu@forbes.com,Male,180.124.205.184
32,Debra,King,dkingv@jalbum.net,Female,60.128.188.138
33,Charles,Long,clongw@state.tx.us,Male,109.39.239.118
34,Nicholas,Perez,nperezx@slideshare.net,Male,203.150.58.25
35,Marie,Wheeler,mwheelery@wikispaces.com,Female,30.174.7.30
36,Evelyn,Armstrong,earmstrongz@meetup.com,Female,209.228.223.186
37,Kathleen,Ramirez,kramirez10@hc360.com,Female,88.174.142.124
38,Jean,Ward,jward11@bbb.org,Female,63.73.69.78
39,Katherine,Campbell,kcampbell12@wikipedia.org,Female,186.43.38.221
40,Janet,Carr,jcarr13@yolasite.com,Female,2.35.50.93
41,Antonio,Parker,aparker14@macromedia.com,Male,71.197.180.132
42,Debra,Walker,dwalker15@mysql.com,Female,142.165.165.248
43,Shawn,Kim,skim16@bluehost.com,Male,252.98.251.199
44,Andrea,Sanchez,asanchez17@topsy.com,Female,94.112.103.200
45,Kenneth,Brown,kbrown18@taobao.com,Male,127.54.31.151
46,Bobby,Kennedy,bkennedy19@hibu.com,Male,120.246.212.218
47,Robin,Stewart,rstewart1a@homestead.com,Female,243.79.151.66
48,Heather,Myers,hmyers1b@soundcloud.com,Female,123.84.70.162
49,Melissa,Hunt,mhunt1c@youku.com,Female,66.227.23.218
50,Kathryn,Gutierrez,kgutierrez1d@ezinearticles.com,Female,31.76.1.5
51,Amanda,Montgomery,amontgomery1e@cafepress.com,Female,76.27.250.12
52,Judy,Wallace,jwallace1f@yelp.com,Female,92.183.91.140
53,Lois,Fuller,lfuller1g@cafepress.com,Female,144.228.218.229
54,Tammy,Adams,tadams1h@economist.com,Female,166.57.240.176
55,Gerald,Elliott,gelliott1i@bandcamp.com,Male,91.57.119.20
56,Eugene,Foster,efoster1j@umn.edu,Male,181.13.180.187
57,Paula,Garrett,pgarrett1k@posterous.com,Female,22.25.225.214
58,Maria,Taylor,mtaylor1l@cnn.com,Female,38.232.49.182
59,Sandra,Larson,slarson1m@stanford.edu,Female,113.166.97.153
60,Benjamin,Nguyen,bnguyen1n@theatlantic.com,Male,134.76.66.159
61,Randy,Davis,rdavis1o@t-online.de,Male,39.171.154.9
62,Michael,Gardner,mgardner1p@fda.gov,Male,70.171.192.184
63,Andrew,Wells,awells1q@dot.gov,Male,6.59.173.131
64,Ralph,Wheeler,rwheeler1r@wix.com,Male,115.112.120.252
65,Jimmy,George,jgeorge1s@tripod.com,Male,126.141.227.24
66,Elizabeth,Ramos,eramos1t@opera.com,Female,35.209.186.196
67,Samuel,Mccoy,smccoy1u@ihg.com,Male,44.42.24.130
68,Anne,Perez,aperez1v@123-reg.co.uk,Female,29.56.72.76
69,Joe,Bowman,jbowman1w@fema.gov,Male,170.88.147.240
70,Joyce,Wheeler,jwheeler1x@examiner.com,Female,243.171.225.150
71,Susan,Alvarez,salvarez1y@adobe.com,Female,103.82.5.207
72,Wayne,Ford,wford1z@tripod.com,Male,103.137.192.255
73,Fred,Palmer,fpalmer20@hugedomains.com,Male,240.101.191.144
74,Martin,Duncan,mduncan21@nymag.com,Male,134.88.92.59
75,Janet,Greene,jgreene22@pcworld.com,Female,252.81.58.99
76,Raymond,Austin,raustin23@opera.com,Male,2.157.99.181
77,Jeremy,Perkins,jperkins24@psu.edu,Male,36.19.222.230
78,Anne,Nichols,anichols25@howstuffworks.com,Female,50.149.148.194
79,Justin,Fox,jfox26@cpanel.net,Male,93.239.188.54
80,Janice,Powell,jpowell27@buzzfeed.com,Female,153.79.116.194
81,Linda,Hill,lhill28@amazonaws.com,Female,203.197.209.5
82,Terry,Matthews,tmatthews29@sohu.com,Male,180.157.113.120
83,Juan,Wilson,jwilson2a@live.com,Male,1.190.206.201
84,Juan,Howard,jhoward2b@cloudflare.com,Male,146.109.76.105
85,Harry,Murray,hmurray2c@topsy.com,Male,74.136.176.59
86,Christina,Crawford,ccrawford2d@seesaa.net,Female,118.76.240.171
87,Ruby,Wallace,rwallace2e@spiegel.de,Female,211.57.150.122
88,William,Williams,wwilliams2f@bbb.org,Male,10.227.159.33
89,Margaret,Gonzales,mgonzales2g@e-recht24.de,Female,109.28.165.110
90,Todd,Williams,twilliams2h@livejournal.com,Male,119.82.92.66
91,William,Russell,wrussell2i@webnode.com,Male,148.60.82.168
92,David,Murphy,dmurphy2j@hugedomains.com,Male,26.135.108.221
93,William,Tucker,wtucker2k@tinyurl.com,Male,34.210.61.207
94,Paula,Garza,pgarza2l@cbslocal.com,Female,125.50.14.151
95,Christina,Martinez,cmartinez2m@dell.com,Female,159.111.123.56
96,Randy,Wallace,rwallace2n@biblegateway.com,Male,36.140.97.156
97,Brian,Washington,bwashington2o@mit.edu,Male,228.107.74.32
98,Joe,Nguyen,jnguyen2p@illinois.edu,Male,107.191.60.229
99,Raymond,Hall,rhall2q@squidoo.com,Male,236.9.20.95
100,Larry,Rose,lrose2r@scribd.com,Male,146.27.178.214
101,Paula,Rogers,progers2s@admin.ch,Female,57.196.255.253
102,Kathy,Mccoy,kmccoy2t@symantec.com,Female,90.184.250.43
103,Theresa,Graham,tgraham2u@jimdo.com,Female,58.138.171.125
104,Lois,Bell,lbell2v@angelfire.com,Female,231.87.136.222
105,Martha,Carroll,mcarroll2w@irs.gov,Female,27.80.91.77
106,Ruby,Arnold,rarnold2x@youtu.be,Female,197.44.5.5
107,Alan,Johnson,ajohnson2y@wsj.com,Male,106.94.41.158
108,Wayne,Daniels,wdaniels2z@gmpg.org,Male,128.208.67.182
109,Diana,Foster,dfoster30@xing.com,Female,165.159.245.191
110,Carol,Owens,cowens31@huffingtonpost.com,Female,103.163.184.198
111,Shawn,Dunn,sdunn32@weibo.com,Male,210.213.92.131
112,Dorothy,Cruz,dcruz33@trellian.com,Female,54.241.147.117
113,Heather,Barnes,hbarnes34@weather.com,Female,107.244.206.50
114,George,Lopez,glopez35@tumblr.com,Male,119.26.142.146
115,Deborah,Diaz,ddiaz36@gnu.org,Female,128.234.215.151
116,Brenda,Rice,brice37@si.edu,Female,169.151.242.21
117,Cynthia,Moore,cmoore38@squidoo.com,Female,177.56.157.80
118,Aaron,Elliott,aelliott39@msu.edu,Male,168.97.255.90
119,Wayne,Smith,wsmith3a@answers.com,Male,182.57.63.212
120,Frances,Dunn,fdunn3b@house.gov,Female,175.233.222.106
121,Ernest,Phillips,ephillips3c@ycombinator.com,Male,198.110.200.180
122,Roger,Allen,rallen3d@google.ca,Male,43.242.74.0
123,Robin,Hughes,rhughes3e@amazon.co.jp,Female,119.132.157.43
124,Michael,Pierce,mpierce3f@woothemes.com,Male,178.164.117.228
125,Jimmy,Gibson,jgibson3g@tinyurl.com,Male,149.118.139.244
126,Virginia,Lane,vlane3h@comsenz.com,Female,24.65.14.215
127,Heather,Turner,hturner3i@slashdot.org,Female,167.208.53.166
128,George,Thompson,gthompson3j@chronoengine.com,Male,48.7.174.243
129,Mark,Black,mblack3k@addthis.com,Male,2.218.209.175
130,Clarence,Adams,cadams3l@ft.com,Male,87.222.103.230
131,Martin,Reynolds,mreynolds3m@statcounter.com,Male,81.167.32.98
132,Wayne,Ruiz,wruiz3n@twitpic.com,Male,140.125.123.237
133,Mark,Snyder,msnyder3o@amazonaws.com,Male,124.98.164.73
134,Wayne,Lawrence,wlawrence3p@mlb.com,Male,202.252.21.112
135,Terry,Porter,tporter3q@printfriendly.com,Male,141.223.45.162
136,Patrick,Hansen,phansen3r@gravatar.com,Male,199.160.25.130
137,Lori,Fisher,lfisher3s@diigo.com,Female,110.239.142.89
138,Ruth,Stanley,rstanley3t@blinklist.com,Female,26.47.88.248
139,Louise,Hicks,lhicks3u@cdc.gov,Female,230.33.141.187
140,Nancy,Torres,ntorres3v@indiegogo.com,Female,46.213.154.94
141,Richard,Grant,rgrant3w@mail.ru,Male,7.101.245.50
142,Jeremy,Gonzalez,jgonzalez3x@msu.edu,Male,45.253.169.116
143,Philip,Howell,phowell3y@cbc.ca,Male,227.212.83.128
144,Denise,Hart,dhart3z@cnet.com,Female,199.99.29.122
145,Lori,Kelley,lkelley40@businessweek.com,Female,33.152.180.138
146,Gloria,Hamilton,ghamilton41@boston.com,Female,17.186.67.226
147,Albert,Burns,aburns42@amazonaws.com,Male,29.230.20.181
148,Deborah,Duncan,dduncan43@skype.com,Female,14.125.87.82
149,Robin,Ramos,rramos44@printfriendly.com,Female,117.232.162.25
150,Christina,Henderson,chenderson45@bravesites.com,Female,86.229.139.123
151,Roger,Wagner,rwagner46@blog.com,Male,97.250.58.172
152,Emily,Mccoy,emccoy47@archive.org,Female,234.117.128.240
153,Marilyn,Boyd,mboyd48@liveinternet.ru,Female,2.255.214.119
154,Kenneth,Morris,kmorris49@nationalgeographic.com,Male,97.110.109.166
155,Michelle,Garza,mgarza4a@pinterest.com,Female,1.120.221.171
156,Justin,Gomez,jgomez4b@miitbeian.gov.cn,Male,131.249.255.245
157,Joan,Kelly,jkelly4c@sogou.com,Female,91.221.91.117
158,Amanda,Kennedy,akennedy4d@quantcast.com,Female,31.173.113.76
159,Billy,Wagner,bwagner4e@state.gov,Male,80.145.247.240
160,Phyllis,Reid,preid4f@eepurl.com,Female,158.197.30.120
161,Anna,Stewart,astewart4g@cpanel.net,Female,125.219.50.87
162,Louise,Fernandez,lfernandez4h@adobe.com,Female,35.107.103.237
163,Sandra,Burke,sburke4i@discovery.com,Female,15.148.1.102
164,Christine,Brooks,cbrooks4j@myspace.com,Female,146.62.115.73
165,Jesse,Grant,jgrant4k@java.com,Male,60.242.192.35
166,Sandra,Ford,sford4l@sun.com,Female,158.31.134.156
167,Ryan,Cruz,rcruz4m@timesonline.co.uk,Male,201.255.252.167
168,Ralph,Carr,rcarr4n@toplist.cz,Male,227.231.23.96
169,Carlos,Spencer,cspencer4o@storify.com,Male,172.154.140.114
170,Katherine,Black,kblack4p@smugmug.com,Female,246.120.138.80
171,Susan,Fuller,sfuller4q@diigo.com,Female,0.55.175.166
172,Peter,Perkins,pperkins4r@storify.com,Male,240.245.102.166
173,Joshua,Williams,jwilliams4s@flavors.me,Male,220.28.255.140
174,Joan,Taylor,jtaylor4t@goodreads.com,Female,233.0.179.161
175,Wayne,Hill,whill4u@businessweek.com,Male,11.167.211.190
176,Philip,Powell,ppowell4v@ibm.com,Male,171.103.48.165
177,Patricia,Henry,phenry4w@google.ru,Female,93.84.149.85
178,Christina,Lee,clee4x@state.tx.us,Female,53.12.217.16
179,Gregory,Harrison,gharrison4y@4shared.com,Male,23.2.236.154
180,Diana,Ray,dray4z@123-reg.co.uk,Female,32.210.242.229
181,Denise,Young,dyoung50@alexa.com,Female,13.130.107.153
182,Russell,Black,rblack51@epa.gov,Male,83.48.74.220
183,Sarah,Robertson,srobertson52@cdbaby.com,Female,129.4.103.119
184,Deborah,Washington,dwashington53@multiply.com,Female,65.27.131.71
185,Frank,Hanson,fhanson54@squarespace.com,Male,58.122.111.31
186,Sara,Kim,skim55@usatoday.com,Female,8.60.233.122
187,Virginia,Alvarez,valvarez56@state.gov,Female,99.71.255.214
188,Christina,Foster,cfoster57@xinhuanet.com,Female,190.212.190.137
189,Stephen,Cole,scole58@amazon.com,Male,177.197.245.122
190,Henry,Burns,hburns59@csmonitor.com,Male,139.106.27.16
191,Denise,Berry,dberry5a@washington.edu,Female,192.13.149.141
192,Ann,Rose,arose5b@businessweek.com,Female,64.7.208.186
193,Victor,Ryan,vryan5c@ustream.tv,Male,83.146.166.179
194,Patricia,Smith,psmith5d@networkadvertising.org,Female,47.90.12.247
195,Teresa,Bell,tbell5e@sohu.com,Female,71.38.74.115
196,Alice,Turner,aturner5f@oracle.com,Female,90.11.112.166
197,Julie,Hanson,jhanson5g@soundcloud.com,Female,208.24.114.227
198,Timothy,Reed,treed5h@zimbio.com,Male,139.137.183.21
199,Joyce,Mcdonald,jmcdonald5i@yellowbook.com,Female,103.64.250.178
200,Steven,Burke,sburke5j@arizona.edu,Male,121.168.123.23
201,Rebecca,Johnson,rjohnson5k@businessinsider.com,Female,48.47.137.205
202,Gary,Jacobs,gjacobs5l@dedecms.com,Male,245.77.1.185
203,Susan,Robertson,srobertson5m@freewebs.com,Female,97.165.210.223
204,Albert,Burns,aburns5n@patch.com,Male,37.109.173.10
205,Doris,Roberts,droberts5o@ning.com,Female,60.192.237.20
206,Tina,Meyer,tmeyer5p@java.com,Female,97.74.159.158
207,Ronald,Miller,rmiller5q@shareasale.com,Male,119.83.29.253
208,Norma,Freeman,nfreeman5r@people.com.cn,Female,187.0.88.114
209,Rose,Knight,rknight5s@gov.uk,Female,198.17.55.227
210,Walter,Duncan,wduncan5t@hao123.com,Male,247.67.3.179
211,Willie,Fowler,wfowler5u@dailymail.co.uk,Male,63.227.171.111
212,Scott,West,swest5v@wordpress.org,Male,1.156.142.157
213,David,Bishop,dbishop5w@vk.com,Male,144.148.166.116
214,Deborah,Peterson,dpeterson5x@webs.com,Female,87.107.201.214
215,Henry,Richards,hrichards5y@harvard.edu,Male,4.180.48.35
216,Scott,Harvey,sharvey5z@ucoz.com,Male,117.82.153.164
217,Barbara,Thomas,bthomas60@reuters.com,Female,237.103.161.97
218,Mary,Mendoza,mmendoza61@google.co.uk,Female,227.244.157.226
219,Peter,Henry,phenry62@nps.gov,Male,163.35.237.42
220,Stephanie,Fuller,sfuller63@princeton.edu,Female,231.119.99.249
221,Walter,Washington,wwashington64@canalblog.com,Male,50.178.240.191
222,Wanda,Coleman,wcoleman65@naver.com,Female,47.223.140.145
223,Nancy,Thompson,nthompson66@flickr.com,Female,70.121.44.233
224,Fred,Elliott,felliott67@reverbnation.com,Male,156.65.93.208
225,Laura,Chapman,lchapman68@blogtalkradio.com,Female,94.135.48.117
226,Tammy,Reynolds,treynolds69@imgur.com,Female,185.4.56.54
227,Harry,Burke,hburke6a@illinois.edu,Male,92.90.94.123
228,Virginia,Harvey,vharvey6b@wordpress.org,Female,105.54.242.104
229,Debra,Nelson,dnelson6c@accuweather.com,Female,240.129.205.198
230,Stephen,Ellis,sellis6d@dmoz.org,Male,114.134.218.199
231,Anna,Mccoy,amccoy6e@cdbaby.com,Female,83.157.161.175
232,Louise,Robertson,lrobertson6f@cnbc.com,Female,54.141.143.247
233,Theresa,Roberts,troberts6g@moonfruit.com,Female,168.15.215.90
234,Joan,Jordan,jjordan6h@cmu.edu,Female,199.225.17.10
235,Robin,Hart,rhart6i@dion.ne.jp,Female,203.32.124.206
236,Diana,Elliott,delliott6j@deliciousdays.com,Female,181.46.116.110
237,Melissa,Stewart,mstewart6k@cmu.edu,Female,4.74.97.226
238,Jason,Lawson,jlawson6l@yellowpages.com,Male,152.103.209.124
239,Martha,Wells,mwells6m@hibu.com,Female,228.238.179.31
240,Shirley,Long,slong6n@jimdo.com,Female,170.131.64.152
241,Carlos,Medina,cmedina6o@photobucket.com,Male,46.243.4.74
242,Jessica,Sims,jsims6p@symantec.com,Female,6.81.74.174
243,Marilyn,White,mwhite6q@ucsd.edu,Female,255.136.5.186
244,Lawrence,Welch,lwelch6r@ibm.com,Male,166.41.65.55
245,Mildred,Robertson,mrobertson6s@mozilla.org,Female,196.105.178.172
246,Ralph,Kennedy,rkennedy6t@digg.com,Male,97.73.23.174
247,Gloria,Jacobs,gjacobs6u@cargocollective.com,Female,127.145.6.168
248,Stephanie,Morrison,smorrison6v@businesswire.com,Female,41.60.31.196
249,Lawrence,Hunt,lhunt6w@sitemeter.com,Male,162.110.248.44
250,Shawn,Collins,scollins6x@lycos.com,Male,58.207.217.66
251,Sean,Daniels,sdaniels6y@accuweather.com,Male,254.239.16.98
252,Beverly,Marshall,bmarshall6z@aboutads.info,Female,147.2.52.163
253,Anna,Henry,ahenry70@youku.com,Female,50.21.152.4
254,Steve,Harper,sharper71@barnesandnoble.com,Male,155.60.135.34
255,Wanda,Meyer,wmeyer72@skype.com,Female,240.83.60.42
256,Maria,Arnold,marnold73@vk.com,Female,132.223.181.10
257,George,Bailey,gbailey74@blogs.com,Male,248.215.8.228
258,Christine,Gilbert,cgilbert75@yahoo.com,Female,161.222.162.126
259,Martin,Hanson,mhanson76@mapquest.com,Male,172.104.167.127
260,Sharon,Matthews,smatthews77@de.vu,Female,12.31.65.135
261,Bonnie,Garcia,bgarcia78@t.co,Female,175.247.255.136
262,Steven,Dean,sdean79@baidu.com,Male,58.119.19.252
263,Deborah,Dunn,ddunn7a@furl.net,Female,201.31.174.182
264,James,Dean,jdean7b@xrea.com,Male,107.30.166.241
265,Emily,Austin,eaustin7c@cisco.com,Female,83.60.156.210
266,Randy,Peters,rpeters7d@walmart.com,Male,68.239.92.78
267,Brian,Gutierrez,bgutierrez7e@amazon.com,Male,195.187.197.39
268,Joe,Phillips,jphillips7f@economist.com,Male,148.114.141.232
269,Walter,Johnson,wjohnson7g@foxnews.com,Male,220.244.213.160
270,Gary,Evans,gevans7h@thetimes.co.uk,Male,105.5.232.164
271,Cheryl,Morgan,cmorgan7i@home.pl,Female,28.57.180.253
272,Ralph,Kelley,rkelley7j@qq.com,Male,65.129.74.105
273,Debra,Evans,devans7k@ebay.co.uk,Female,72.174.67.72
274,Kimberly,Jackson,kjackson7l@pinterest.com,Female,28.94.195.233
275,Earl,Jackson,ejackson7m@bravesites.com,Male,119.120.76.30
276,Mildred,Lawson,mlawson7n@apache.org,Female,178.49.172.190
277,Johnny,Gilbert,jgilbert7o@mit.edu,Male,165.39.196.234
278,Melissa,Palmer,mpalmer7p@cargocollective.com,Female,174.67.81.55
279,Irene,Stevens,istevens7q@yellowpages.com,Female,11.240.174.57
280,Kathleen,Bell,kbell7r@washington.edu,Female,176.108.241.84
281,Jessica,Anderson,janderson7s@nifty.com,Female,73.148.14.231
282,George,Ford,gford7t@canalblog.com,Male,245.66.73.166
283,Steve,Stewart,sstewart7u@utexas.edu,Male,169.221.147.67
284,Shawn,Ruiz,sruiz7v@addthis.com,Male,205.89.205.221
285,Heather,Berry,hberry7w@unicef.org,Female,101.171.15.166
286,Brenda,Walker,bwalker7x@spotify.com,Female,178.231.9.255
287,Phillip,Clark,pclark7y@booking.com,Male,133.235.5.235
288,Kathleen,Bowman,kbowman7z@newsvine.com,Female,237.2.232.212
289,Andrew,Riley,ariley80@icio.us,Male,20.25.125.221
290,Gary,Flores,gflores81@reuters.com,Male,116.30.60.254
291,Terry,Ramos,tramos82@google.co.jp,Male,107.188.188.160
292,Earl,Watson,ewatson83@rakuten.co.jp,Male,15.254.162.79
293,Carolyn,Vasquez,cvasquez84@dyndns.org,Female,119.0.250.244
294,Shawn,Hernandez,shernandez85@printfriendly.com,Male,63.98.62.59
295,Linda,Harrison,lharrison86@unesco.org,Female,40.224.22.48
296,Wanda,Cox,wcox87@wix.com,Female,35.203.123.209
297,Daniel,Stanley,dstanley88@a8.net,Male,176.250.100.0
298,Justin,White,jwhite89@jugem.jp,Male,130.112.82.122
299,Joshua,Perry,jperry8a@miitbeian.gov.cn,Male,129.220.166.156
300,Jonathan,Willis,jwillis8b@sina.com.cn,Male,173.141.108.11
301,Raymond,Reyes,rreyes8c@tinyurl.com,Male,27.22.37.112
302,Kenneth,Hart,khart8d@gravatar.com,Male,203.223.93.4
303,Paula,Frazier,pfrazier8e@creativecommons.org,Female,100.157.105.103
304,Joseph,Simpson,jsimpson8f@pinterest.com,Male,140.10.77.29
305,Carlos,Vasquez,cvasquez8g@who.int,Male,182.171.161.156
306,Deborah,Stephens,dstephens8h@prlog.org,Female,168.117.2.3
307,Harry,Stone,hstone8i@java.com,Male,222.251.248.6
308,Cynthia,Jacobs,cjacobs8j@360.cn,Female,52.254.8.31
309,Karen,Moore,kmoore8k@wisc.edu,Female,73.49.198.29
310,Annie,Peterson,apeterson8l@furl.net,Female,127.47.108.161
311,Jeffrey,Kennedy,jkennedy8m@cnbc.com,Male,51.151.53.86
312,Frank,Crawford,fcrawford8n@economist.com,Male,83.151.247.218
313,Denise,Peters,dpeters8o@dell.com,Female,175.156.113.21
314,Ruth,Andrews,randrews8p@posterous.com,Female,188.70.211.102
315,Patrick,Duncan,pduncan8q@reuters.com,Male,106.234.167.73
316,Ashley,Bailey,abailey8r@answers.com,Female,4.255.71.18
317,Jesse,Wright,jwright8s@issuu.com,Male,183.43.112.144
318,Bruce,Fowler,bfowler8t@mtv.com,Male,12.120.26.105
319,Susan,Banks,sbanks8u@un.org,Female,43.109.199.79
320,Raymond,Harris,rharris8v@reference.com,Male,121.59.41.45
321,Carl,Fox,cfox8w@phoca.cz,Male,50.85.226.91
322,Carl,Rice,crice8x@google.es,Male,224.210.12.148
323,Annie,Banks,abanks8y@artisteer.com,Female,179.232.119.243
324,Judith,Gilbert,jgilbert8z@51.la,Female,35.72.254.199
325,Paul,Gutierrez,pgutierrez90@mac.com,Male,230.198.228.169
326,Wanda,Ruiz,wruiz91@edublogs.org,Female,160.35.193.74
327,Margaret,Nelson,mnelson92@wikimedia.org,Female,109.243.182.238
328,Carl,Fields,cfields93@youku.com,Male,233.96.146.238
329,Samuel,Harrison,sharrison94@twitpic.com,Male,69.93.112.9
330,Juan,Romero,jromero95@virginia.edu,Male,29.73.10.147
331,Thomas,Henderson,thenderson96@cisco.com,Male,62.128.165.224
332,Theresa,Jacobs,tjacobs97@microsoft.com,Female,207.153.131.209
333,Robert,Hicks,rhicks98@squidoo.com,Male,212.55.69.145
334,Marie,Fox,mfox99@usda.gov,Female,145.170.33.137
335,Jack,Lewis,jlewis9a@storify.com,Male,35.20.228.121
336,Joshua,Flores,jflores9b@joomla.org,Male,34.152.235.111
337,Adam,Fisher,afisher9c@spotify.com,Male,195.234.140.151
338,Eugene,Lynch,elynch9d@netscape.com,Male,165.156.5.209
339,Richard,Diaz,rdiaz9e@state.gov,Male,137.255.73.5
340,Juan,Graham,jgraham9f@sbwire.com,Male,18.118.186.83
341,Juan,Reed,jreed9g@unc.edu,Male,3.70.176.92
342,Annie,Mccoy,amccoy9h@mail.ru,Female,21.91.93.120
343,Larry,Greene,lgreene9i@imgur.com,Male,156.167.220.26
344,Janice,Bennett,jbennett9j@drupal.org,Female,121.73.25.242
345,Donald,Fox,dfox9k@devhub.com,Male,110.251.99.237
346,Louis,Richards,lrichards9l@bloomberg.com,Male,108.18.67.163
347,Shawn,Sims,ssims9m@over-blog.com,Male,62.150.153.207
348,Kathy,Watkins,kwatkins9n@twitter.com,Female,187.76.132.110
349,Margaret,Bell,mbell9o@sohu.com,Female,195.247.232.143
350,Carol,Austin,caustin9p@patch.com,Female,168.242.201.36
351,Wanda,Ross,wross9q@hc360.com,Female,29.82.188.77
352,Debra,Nichols,dnichols9r@bloglovin.com,Female,120.6.229.58
353,Dorothy,Lewis,dlewis9s@ucoz.com,Female,252.213.170.140
354,Evelyn,Rodriguez,erodriguez9t@a8.net,Female,142.190.202.41
355,Mildred,Spencer,mspencer9u@comsenz.com,Female,189.30.122.124
356,Brenda,Vasquez,bvasquez9v@psu.edu,Female,97.130.185.47
357,Brian,Dixon,bdixon9w@sogou.com,Male,150.90.100.54
358,Laura,Olson,lolson9x@answers.com,Female,72.35.16.202
359,Samuel,Hernandez,shernandez9y@technorati.com,Male,201.227.236.83
360,Judith,Kelly,jkelly9z@about.com,Female,186.79.49.195
361,Ernest,Russell,erussella0@hhs.gov,Male,111.71.137.176
362,James,Ellis,jellisa1@geocities.jp,Male,37.172.33.210
363,Annie,Hill,ahilla2@quantcast.com,Female,153.61.153.90
364,Eugene,Robinson,erobinsona3@phoca.cz,Male,10.177.191.250
365,Michelle,Allen,mallena4@liveinternet.ru,Female,61.56.122.93
366,Douglas,Porter,dportera5@ucoz.ru,Male,59.142.242.238
367,Timothy,Alvarez,talvareza6@china.com.cn,Male,22.14.20.133
368,Maria,Simpson,msimpsona7@slashdot.org,Female,44.173.44.139
369,Sean,Greene,sgreenea8@barnesandnoble.com,Male,158.247.108.64
370,Debra,Lee,dleea9@unicef.org,Female,90.69.85.249
371,Doris,James,djamesaa@cornell.edu,Female,198.116.145.3
372,Todd,Burke,tburkeab@theglobeandmail.com,Male,119.203.68.204
373,Ashley,Burns,aburnsac@census.gov,Female,115.246.237.184
374,Janet,Cruz,jcruzad@weather.com,Female,172.82.102.10
375,Bobby,Ryan,bryanae@cbc.ca,Male,76.201.249.100
376,Nancy,Hawkins,nhawkinsaf@is.gd,Female,24.161.212.253
377,Elizabeth,Harper,eharperag@linkedin.com,Female,244.186.228.230
378,Gary,Carpenter,gcarpenterah@squarespace.com,Male,179.52.218.115
379,Jose,Moore,jmooreai@nhs.uk,Male,33.232.63.58
380,Matthew,Vasquez,mvasquezaj@blogspot.com,Male,199.33.159.70
381,Christina,Gonzales,cgonzalesak@eventbrite.com,Female,107.18.244.246
382,Debra,Campbell,dcampbellal@nba.com,Female,73.255.145.212
383,Rebecca,Alvarez,ralvarezam@addtoany.com,Female,81.164.243.202
384,Joe,Franklin,jfranklinan@spotify.com,Male,233.222.60.111
385,Joseph,Baker,jbakerao@oakley.com,Male,8.27.34.250
386,Terry,Stewart,tstewartap@psu.edu,Male,32.226.41.203
387,Ralph,Hunt,rhuntaq@gizmodo.com,Male,194.114.126.83
388,Catherine,Lopez,clopezar@mayoclinic.com,Female,195.140.122.94
389,Juan,Jacobs,jjacobsas@prnewswire.com,Male,215.111.118.129
390,Juan,Bailey,jbaileyat@cargocollective.com,Male,117.78.199.90
391,Larry,Wells,lwellsau@tiny.cc,Male,157.51.52.229
392,Anna,Wheeler,awheelerav@tripod.com,Female,194.87.223.174
393,Nicole,Palmer,npalmeraw@artisteer.com,Female,132.198.49.91
394,Kenneth,Chavez,kchavezax@creativecommons.org,Male,9.220.109.213
395,Irene,Matthews,imatthewsay@businessweek.com,Female,10.241.93.203
396,Carl,Cox,ccoxaz@nasa.gov,Male,235.248.143.203
397,Debra,Collins,dcollinsb0@about.me,Female,161.98.66.72
398,Clarence,Mcdonald,cmcdonaldb1@usa.gov,Male,215.64.127.241
399,Eugene,Kelley,ekelleyb2@digg.com,Male,140.45.90.98
400,Antonio,Kelly,akellyb3@indiegogo.com,Male,191.222.50.4
401,Marie,Willis,mwillisb4@1und1.de,Female,63.16.213.38
402,Judy,Chavez,jchavezb5@census.gov,Female,197.76.94.218
403,Jessica,West,jwestb6@youku.com,Female,50.223.129.114
404,Henry,Ramos,hramosb7@eepurl.com,Male,173.124.99.199
405,Antonio,Johnson,ajohnsonb8@ocn.ne.jp,Male,80.23.138.188
406,Catherine,Sullivan,csullivanb9@shop-pro.jp,Female,9.106.163.149
407,Bonnie,Andrews,bandrewsba@fastcompany.com,Female,113.57.228.93
408,Philip,Hamilton,phamiltonbb@fc2.com,Male,219.186.47.234
409,Christopher,Crawford,ccrawfordbc@businessweek.com,Male,38.107.176.197
410,Philip,Stanley,pstanleybd@google.pl,Male,220.151.156.186
411,Keith,Ramirez,kramirezbe@weebly.com,Male,225.34.250.170
412,Todd,Perkins,tperkinsbf@goo.ne.jp,Male,190.237.20.229
413,Betty,Woods,bwoodsbg@aol.com,Female,50.167.224.109
414,Paula,Walker,pwalkerbh@apache.org,Female,46.183.200.182
415,Wayne,Washington,wwashingtonbi@macromedia.com,Male,156.247.150.172
416,Stephanie,Murray,smurraybj@ustream.tv,Female,142.46.56.3
417,Helen,Snyder,hsnyderbk@usatoday.com,Female,2.232.108.103
418,Ronald,Schmidt,rschmidtbl@unicef.org,Male,185.183.81.58
419,George,Adams,gadamsbm@scientificamerican.com,Male,10.128.70.13
420,Christina,Ferguson,cfergusonbn@studiopress.com,Female,251.217.128.151
421,Katherine,Frazier,kfrazierbo@macromedia.com,Female,62.79.172.140
422,Scott,Coleman,scolemanbp@homestead.com,Male,0.78.66.148
423,Peter,Howard,phowardbq@csmonitor.com,Male,186.165.24.13
424,Earl,Ruiz,eruizbr@nbcnews.com,Male,169.160.153.57
425,Alan,Rodriguez,arodriguezbs@studiopress.com,Male,107.165.68.135
426,Sean,Welch,swelchbt@disqus.com,Male,131.216.81.59
427,Carlos,Morris,cmorrisbu@purevolume.com,Male,154.143.99.99
428,Adam,Ford,afordbv@uol.com.br,Male,242.145.158.146
429,Joseph,Chavez,jchavezbw@sun.com,Male,196.158.46.156
430,Carlos,Harris,charrisbx@ucsd.edu,Male,108.185.190.118
431,Gary,Sims,gsimsby@instagram.com,Male,183.170.212.56
432,Gregory,Dunn,gdunnbz@sfgate.com,Male,56.198.55.226
433,Willie,Robertson,wrobertsonc0@mail.ru,Male,115.163.199.191
434,Patricia,Chavez,pchavezc1@ifeng.com,Female,221.131.247.63
435,Karen,Henderson,khendersonc2@ox.ac.uk,Female,197.50.133.20
436,Victor,Thompson,vthompsonc3@wsj.com,Male,133.51.4.112
437,Aaron,Howell,ahowellc4@huffingtonpost.com,Male,137.189.219.191
438,James,Wallace,jwallacec5@goodreads.com,Male,6.188.207.157
439,Frances,Richardson,frichardsonc6@hud.gov,Female,211.99.154.101
440,Willie,Porter,wporterc7@harvard.edu,Male,228.204.126.133
441,Judy,Howard,jhowardc8@github.com,Female,153.172.222.159
442,Margaret,Alvarez,malvarezc9@networkadvertising.org,Female,122.90.205.55
443,Fred,Martin,fmartinca@shinystat.com,Male,179.195.191.85
444,Edward,Diaz,ediazcb@imdb.com,Male,237.237.150.18
445,Ruth,Dixon,rdixoncc@geocities.com,Female,20.96.127.70
446,Kelly,Ortiz,kortizcd@guardian.co.uk,Female,97.223.33.65
447,Lawrence,Tucker,ltuckerce@istockphoto.com,Male,56.55.41.192
448,Melissa,Mcdonald,mmcdonaldcf@a8.net,Female,136.103.168.60
449,Frances,Murray,fmurraycg@eepurl.com,Female,147.127.127.111
450,Jeremy,Lawson,jlawsonch@house.gov,Male,200.255.64.81
451,Margaret,Bailey,mbaileyci@indiatimes.com,Female,207.202.195.50
452,Kathy,Richards,krichardscj@ifeng.com,Female,28.204.163.201
453,Amy,Moore,amooreck@canalblog.com,Female,69.168.179.245
454,Stephanie,Wallace,swallacecl@businessweek.com,Female,52.5.200.229
455,Robert,Griffin,rgriffincm@bbc.co.uk,Male,19.103.189.189
456,Patrick,Cunningham,pcunninghamcn@pinterest.com,Male,77.153.99.6
457,Jessica,Reid,jreidco@netvibes.com,Female,108.136.17.29
458,Martha,Gutierrez,mgutierrezcp@google.it,Female,187.147.185.35
459,Nicole,Larson,nlarsoncq@yellowpages.com,Female,78.150.218.239
460,Arthur,Collins,acollinscr@europa.eu,Male,30.197.11.60
461,Mary,King,mkingcs@cbc.ca,Female,196.214.104.186
462,Mary,Snyder,msnyderct@dyndns.org,Female,37.227.67.97
463,Amanda,Griffin,agriffincu@joomla.org,Female,239.179.158.98
464,Rose,Knight,rknightcv@theglobeandmail.com,Female,29.26.136.53
465,Rachel,Day,rdaycw@statcounter.com,Female,243.253.228.153
466,Harry,Armstrong,harmstrongcx@time.com,Male,44.61.101.25
467,Ashley,Lynch,alynchcy@va.gov,Female,216.162.1.159
468,Kenneth,Murray,kmurraycz@dailymail.co.uk,Male,154.244.47.53
469,Robert,Taylor,rtaylord0@infoseek.co.jp,Male,151.220.223.203
470,Craig,Thomas,cthomasd1@chronoengine.com,Male,79.66.162.186
471,Annie,Graham,agrahamd2@dmoz.org,Female,180.194.215.54
472,Laura,Willis,lwillisd3@apache.org,Female,230.67.222.189
473,Charles,Hernandez,chernandezd4@elpais.com,Male,124.66.209.231
474,Martha,Rodriguez,mrodriguezd5@upenn.edu,Female,155.118.222.249
475,Patrick,Wagner,pwagnerd6@sciencedirect.com,Male,53.126.1.117
476,Carlos,Carroll,ccarrolld7@sun.com,Male,198.221.83.225
477,Michael,Rice,mriced8@ucla.edu,Male,127.160.193.30
478,Gregory,Simmons,gsimmonsd9@themeforest.net,Male,248.202.22.13
479,Brenda,Greene,bgreeneda@indiegogo.com,Female,203.176.133.28
480,Keith,Ruiz,kruizdb@answers.com,Male,192.77.163.42
481,Kimberly,Garcia,kgarciadc@harvard.edu,Female,16.56.164.25
482,Debra,Murphy,dmurphydd@xinhuanet.com,Female,195.83.16.106
483,Mildred,Lee,mleede@so-net.ne.jp,Female,125.39.132.99
484,Willie,Gonzalez,wgonzalezdf@goo.ne.jp,Male,147.142.216.228
485,Shawn,Fuller,sfullerdg@spiegel.de,Male,130.47.134.69
486,Linda,Burke,lburkedh@marriott.com,Female,94.231.53.161
487,Samuel,Tucker,stuckerdi@shareasale.com,Male,234.43.182.127
488,Ann,Miller,amillerdj@mozilla.org,Female,211.164.34.177
489,Norma,Ortiz,nortizdk@sun.com,Female,180.108.136.195
490,Carol,Scott,cscottdl@ftc.gov,Female,180.236.53.175
491,Earl,Lewis,elewisdm@ca.gov,Male,52.100.182.2
492,Rachel,Turner,rturnerdn@tuttocitta.it,Female,188.235.138.247
493,Aaron,Matthews,amatthewsdo@privacy.gov.au,Male,84.251.160.27
494,Peter,Lane,planedp@istockphoto.com,Male,49.132.43.13
495,Louise,Bishop,lbishopdq@indiatimes.com,Female,95.203.43.132
496,Wanda,Jones,wjonesdr@cocolog-nifty.com,Female,37.182.165.132
497,Julie,Stewart,jstewartds@last.fm,Female,233.96.30.75
498,Lois,Castillo,lcastillodt@chron.com,Female,72.180.164.249
499,Lawrence,Hawkins,lhawkinsdu@timesonline.co.uk,Male,237.249.12.20
500,Andrew,Rivera,ariveradv@pcworld.com,Male,107.232.180.13
501,Gary,Adams,gadamsdw@google.com.br,Male,57.213.145.203
502,Todd,Wagner,twagnerdx@ucoz.com,Male,82.81.24.184
503,Jose,Castillo,jcastillody@bloglovin.com,Male,22.55.225.69
504,Kelly,Parker,kparkerdz@rambler.ru,Female,61.57.95.240
505,Barbara,Robertson,brobertsone0@theatlantic.com,Female,59.3.252.26
506,James,Brooks,jbrookse1@yelp.com,Male,87.30.64.13
507,Margaret,Cunningham,mcunninghame2@wunderground.com,Female,239.133.242.220
508,Roy,Bell,rbelle3@yolasite.com,Male,140.243.105.105
509,John,Little,jlittlee4@creativecommons.org,Male,174.93.75.25
510,Cynthia,Jacobs,cjacobse5@wisc.edu,Female,45.221.129.77
511,Mildred,Jacobs,mjacobse6@woothemes.com,Female,163.55.78.124
512,Paula,Henderson,phendersone7@narod.ru,Female,241.209.102.186
513,James,Collins,jcollinse8@home.pl,Male,16.24.162.176
514,Debra,Coleman,dcolemane9@bigcartel.com,Female,62.215.230.17
515,Louis,Jenkins,ljenkinsea@geocities.jp,Male,244.118.2.41
516,Rebecca,Meyer,rmeyereb@uol.com.br,Female,16.203.251.50
517,Anthony,Rose,aroseec@stanford.edu,Male,107.240.245.125
518,Wanda,Fields,wfieldsed@typepad.com,Female,192.238.240.235
519,Mary,Nguyen,mnguyenee@amazon.co.uk,Female,19.53.237.25
520,Kevin,Rodriguez,krodriguezef@cnet.com,Male,18.74.183.111
521,Fred,West,fwesteg@washington.edu,Male,243.165.203.73
522,Nancy,Washington,nwashingtoneh@usa.gov,Female,193.212.236.197
523,Julie,Wood,jwoodei@networkadvertising.org,Female,176.42.132.161
524,Frank,White,fwhiteej@google.de,Male,159.204.5.234
525,Sara,Edwards,sedwardsek@microsoft.com,Female,123.81.197.9
526,Willie,Washington,wwashingtonel@nyu.edu,Male,59.133.175.44
527,Antonio,Jones,ajonesem@google.de,Male,95.255.210.163
528,Ralph,Wagner,rwagneren@dagondesign.com,Male,192.83.168.3
529,Susan,Morrison,smorrisoneo@networksolutions.com,Female,210.161.9.25
530,Ralph,Lewis,rlewisep@facebook.com,Male,125.17.225.105
531,Samuel,Myers,smyerseq@soup.io,Male,161.128.10.146
532,Julie,James,jjameser@bandcamp.com,Female,118.242.100.89
533,Clarence,Collins,ccollinses@java.com,Male,112.180.105.144
534,Julia,Kelley,jkelleyet@berkeley.edu,Female,119.2.139.164
535,Edward,Bailey,ebaileyeu@miitbeian.gov.cn,Male,84.234.172.39
536,Gregory,Chavez,gchavezev@technorati.com,Male,119.166.252.18
537,Joe,Porter,jporterew@cyberchimps.com,Male,46.148.31.231
538,Jean,Sims,jsimsex@youku.com,Female,202.192.141.177
539,Raymond,Banks,rbanksey@google.com,Male,84.174.182.153
540,Ernest,Adams,eadamsez@instagram.com,Male,194.139.156.150
541,Eric,Martin,emartinf0@mozilla.org,Male,78.100.209.194
542,David,Wood,dwoodf1@over-blog.com,Male,89.229.192.121
543,Diana,Fox,dfoxf2@networksolutions.com,Female,203.24.49.222
544,Norma,Berry,nberryf3@salon.com,Female,11.191.50.171
545,Benjamin,Montgomery,bmontgomeryf4@sbwire.com,Male,46.35.217.142
546,Donald,Gutierrez,dgutierrezf5@privacy.gov.au,Male,28.190.202.23
547,Terry,Washington,twashingtonf6@storify.com,Male,170.228.112.179
548,Linda,Johnson,ljohnsonf7@xing.com,Female,244.15.254.226
549,Angela,Sims,asimsf8@hubpages.com,Female,168.56.95.21
550,Lawrence,Hanson,lhansonf9@salon.com,Male,73.139.144.85
551,Edward,Gibson,egibsonfa@youtube.com,Male,19.177.223.156
552,George,Cox,gcoxfb@army.mil,Male,40.50.39.251
553,Judith,Rivera,jriverafc@themeforest.net,Female,237.178.82.226
554,Daniel,Fox,dfoxfd@phoca.cz,Male,242.31.19.96
555,Judy,Dean,jdeanfe@imgur.com,Female,65.240.120.128
556,Anna,Morales,amoralesff@huffingtonpost.com,Female,253.8.121.191
557,Melissa,Moore,mmoorefg@odnoklassniki.ru,Female,195.55.57.58
558,Victor,Cooper,vcooperfh@jiathis.com,Male,139.62.146.125
559,Diana,Peters,dpetersfi@list-manage.com,Female,250.198.190.132
560,Ralph,Fox,rfoxfj@nifty.com,Male,165.214.228.208
561,Lawrence,Hawkins,lhawkinsfk@zimbio.com,Male,177.183.147.165
562,Robert,Taylor,rtaylorfl@dropbox.com,Male,10.221.48.155
563,Sandra,George,sgeorgefm@go.com,Female,224.113.55.14
564,Marie,Gonzales,mgonzalesfn@php.net,Female,71.153.210.217
565,Donna,Jacobs,djacobsfo@ucoz.ru,Female,11.145.38.211
566,Justin,Coleman,jcolemanfp@github.io,Male,80.213.107.169
567,Randy,Fisher,rfisherfq@cornell.edu,Male,192.100.151.166
568,Gerald,Wallace,gwallacefr@studiopress.com,Male,251.127.152.224
569,Jessica,Garcia,jgarciafs@slideshare.net,Female,88.219.189.240
570,John,Carr,jcarrft@mapy.cz,Male,114.198.20.195
571,Anthony,Kim,akimfu@java.com,Male,55.132.143.83
572,Linda,Brooks,lbrooksfv@acquirethisname.com,Female,116.58.196.59
573,Terry,Hayes,thayesfw@360.cn,Male,100.61.97.98
574,Shirley,Day,sdayfx@360.cn,Female,186.35.85.223
575,Louise,Lawson,llawsonfy@cafepress.com,Female,169.193.238.230
576,Larry,Rodriguez,lrodriguezfz@github.com,Male,167.168.19.151
577,Victor,Knight,vknightg0@domainmarket.com,Male,100.157.194.111
578,Julie,Gordon,jgordong1@ning.com,Female,216.157.3.160
579,Sara,Walker,swalkerg2@friendfeed.com,Female,225.156.250.236
580,Norma,Ramirez,nramirezg3@paypal.com,Female,58.87.215.154
581,Fred,Harris,fharrisg4@a8.net,Male,53.213.149.190
582,Carl,Crawford,ccrawfordg5@bravesites.com,Male,10.83.221.55
583,Jean,Ramos,jramosg6@vk.com,Female,187.225.248.120
584,Craig,Sullivan,csullivang7@dion.ne.jp,Male,45.171.45.169
585,Emily,Mills,emillsg8@odnoklassniki.ru,Female,23.219.126.171
586,Jack,Harper,jharperg9@biblegateway.com,Male,24.254.130.16
587,Judith,Wheeler,jwheelerga@paypal.com,Female,161.88.235.141
588,Martha,Burke,mburkegb@china.com.cn,Female,61.125.244.120
589,Matthew,Larson,mlarsongc@nature.com,Male,251.101.132.215
590,Paula,Porter,pportergd@washingtonpost.com,Female,205.82.147.135
591,Jean,Hernandez,jhernandezge@geocities.com,Female,239.129.81.250
592,Emily,Brooks,ebrooksgf@prlog.org,Female,2.12.54.122
593,Sandra,Welch,swelchgg@timesonline.co.uk,Female,41.175.49.100
594,Gregory,Shaw,gshawgh@soup.io,Male,119.119.94.188
595,Michael,Palmer,mpalmergi@unblog.fr,Male,226.90.244.15
596,Billy,Nguyen,bnguyengj@tiny.cc,Male,66.57.155.218
597,Nicholas,Nelson,nnelsongk@sciencedaily.com,Male,95.68.175.231
598,Sarah,Spencer,sspencergl@edublogs.org,Female,50.108.12.103
599,Kathy,Young,kyounggm@mozilla.com,Female,155.179.237.10
600,Harold,Boyd,hboydgn@bluehost.com,Male,7.135.140.80
601,Rose,Fields,rfieldsgo@theatlantic.com,Female,180.23.115.142
602,Martin,Watson,mwatsongp@weibo.com,Male,248.117.67.78
603,Melissa,Montgomery,mmontgomerygq@simplemachines.org,Female,235.27.76.10
604,Julie,Ward,jwardgr@bing.com,Female,124.132.249.73
605,Diane,Phillips,dphillipsgs@nps.gov,Female,220.225.83.250
606,Mary,Gardner,mgardnergt@disqus.com,Female,152.99.154.213
607,Barbara,Nelson,bnelsongu@senate.gov,Female,94.52.188.120
608,Dorothy,Hernandez,dhernandezgv@timesonline.co.uk,Female,47.249.232.63
609,Sharon,Martin,smartingw@free.fr,Female,196.149.107.37
610,Phillip,Johnson,pjohnsongx@reference.com,Male,77.165.22.42
611,Amanda,Washington,awashingtongy@csmonitor.com,Female,176.158.234.83
612,Jeremy,Hill,jhillgz@twitter.com,Male,204.66.42.223
613,Jerry,Wood,jwoodh0@lycos.com,Male,175.134.171.136
614,Brenda,Henderson,bhendersonh1@cnn.com,Female,105.162.96.109
615,Kevin,Garza,kgarzah2@ovh.net,Male,88.103.249.174
616,Brian,Bowman,bbowmanh3@toplist.cz,Male,240.226.19.246
617,Kathy,Palmer,kpalmerh4@diigo.com,Female,18.91.188.230
618,Anthony,Lewis,alewish5@netscape.com,Male,236.13.171.125
619,Julie,Kelley,jkelleyh6@senate.gov,Female,245.103.158.120
620,Eugene,Evans,eevansh7@comcast.net,Male,208.210.180.7
621,Diane,Miller,dmillerh8@shinystat.com,Female,254.145.108.34
622,Earl,Fox,efoxh9@sakura.ne.jp,Male,207.83.100.20
623,Alan,Garza,agarzaha@aboutads.info,Male,214.107.253.129
624,Kevin,Holmes,kholmeshb@bluehost.com,Male,165.136.82.233
625,Todd,Bailey,tbaileyhc@163.com,Male,211.161.43.161
626,Todd,James,tjameshd@cornell.edu,Male,170.58.195.17
627,Bonnie,Hamilton,bhamiltonhe@hexun.com,Female,236.48.246.164
628,Justin,Jacobs,jjacobshf@skype.com,Male,152.85.24.201
629,Susan,Adams,sadamshg@cisco.com,Female,200.16.109.182
630,Ryan,Morgan,rmorganhh@hud.gov,Male,112.119.176.50
631,Kelly,Fisher,kfisherhi@mapquest.com,Female,65.119.187.55
632,Marilyn,Reid,mreidhj@goo.ne.jp,Female,143.250.255.232
633,Andrew,Alvarez,aalvarezhk@cisco.com,Male,217.25.99.175
634,Elizabeth,Wells,ewellshl@goodreads.com,Female,57.203.166.50
635,Samuel,Hernandez,shernandezhm@howstuffworks.com,Male,0.151.94.45
636,Jessica,Banks,jbankshn@merriam-webster.com,Female,101.72.139.196
637,Lawrence,Knight,lknightho@clickbank.net,Male,60.59.16.221
638,Ruby,Jones,rjoneshp@drupal.org,Female,126.87.118.197
639,Nancy,Butler,nbutlerhq@typepad.com,Female,37.12.56.169
640,Kathryn,Richardson,krichardsonhr@storify.com,Female,190.107.57.224
641,Andrew,Young,ayounghs@hugedomains.com,Male,81.9.59.107
642,Jason,Murphy,jmurphyht@blogspot.com,Male,26.151.139.174
643,Diana,Olson,dolsonhu@columbia.edu,Female,200.50.124.39
644,Shawn,Bryant,sbryanthv@msu.edu,Male,168.88.210.136
645,Arthur,Turner,aturnerhw@ibm.com,Male,177.93.202.227
646,Ernest,Oliver,eoliverhx@about.me,Male,207.33.31.39
647,Theresa,Peterson,tpetersonhy@goo.gl,Female,216.239.52.93
648,Shirley,Greene,sgreenehz@tripadvisor.com,Female,250.73.92.139
649,Ann,Romero,aromeroi0@cafepress.com,Female,144.150.105.104
650,Shirley,Frazier,sfrazieri1@cornell.edu,Female,232.47.102.28
651,Nicole,Coleman,ncolemani2@cafepress.com,Female,120.163.183.136
652,Evelyn,Powell,epowelli3@un.org,Female,20.162.103.170
653,Terry,Hanson,thansoni4@prnewswire.com,Male,7.249.18.223
654,David,Martinez,dmartinezi5@tiny.cc,Male,68.172.82.125
655,Diana,Bowman,dbowmani6@wix.com,Female,225.228.72.204
656,Amy,Foster,afosteri7@msn.com,Female,36.38.103.139
657,Tina,Green,tgreeni8@goo.gl,Female,142.71.26.146
658,Brian,Howell,bhowelli9@independent.co.uk,Male,86.118.181.195
659,Stephanie,Stone,sstoneia@oaic.gov.au,Female,68.105.63.91
660,Andrew,Griffin,agriffinib@issuu.com,Male,118.227.141.115
661,Diane,Bailey,dbaileyic@mozilla.com,Female,42.178.138.236
662,Jeffrey,Anderson,jandersonid@google.com.hk,Male,150.195.181.187
663,Carlos,Torres,ctorresie@cnn.com,Male,51.132.88.7
664,Melissa,Myers,mmyersif@huffingtonpost.com,Female,37.180.209.16
665,Patrick,Clark,pclarkig@slate.com,Male,176.206.39.39
666,Kevin,Ross,krossih@google.com.au,Male,58.58.209.115
667,Christopher,Cooper,ccooperii@prnewswire.com,Male,35.11.152.44
668,Martha,Peterson,mpetersonij@de.vu,Female,133.6.2.193
669,Amanda,Woods,awoodsik@slashdot.org,Female,146.239.121.238
670,Angela,Stone,astoneil@reference.com,Female,18.46.29.45
671,Jane,Medina,jmedinaim@barnesandnoble.com,Female,34.213.234.110
672,Patricia,Jordan,pjordanin@hibu.com,Female,36.178.37.98
673,Larry,Burke,lburkeio@walmart.com,Male,105.83.183.198
674,Jonathan,Boyd,jboydip@sbwire.com,Male,7.36.104.162
675,James,Spencer,jspenceriq@who.int,Male,1.133.205.44
676,Nicholas,Medina,nmedinair@nifty.com,Male,147.133.212.48
677,Tammy,Elliott,telliottis@omniture.com,Female,122.76.108.207
678,Joan,Thompson,jthompsonit@mtv.com,Female,0.168.128.2
679,Scott,Ray,srayiu@skyrock.com,Male,70.215.189.254
680,Diane,Turner,dturneriv@jiathis.com,Female,159.200.144.81
681,Deborah,Dixon,ddixoniw@usda.gov,Female,204.248.34.134
682,Louis,Bailey,lbaileyix@vistaprint.com,Male,192.200.3.108
683,Evelyn,Stevens,estevensiy@dell.com,Female,40.47.164.76
684,Annie,Stevens,astevensiz@g.co,Female,197.112.20.42
685,Lillian,Morrison,lmorrisonj0@dyndns.org,Female,54.104.110.17
686,Gerald,Pierce,gpiercej1@godaddy.com,Male,225.245.83.171
687,Carlos,Fox,cfoxj2@dailymotion.com,Male,100.47.122.177
688,Katherine,Fields,kfieldsj3@narod.ru,Female,233.242.225.131
689,Ann,Cole,acolej4@myspace.com,Female,152.80.156.32
690,Adam,Lewis,alewisj5@usgs.gov,Male,54.58.53.60
691,Julie,Little,jlittlej6@dyndns.org,Female,249.6.231.27
692,Amanda,Tucker,atuckerj7@unesco.org,Female,157.82.109.92
693,Samuel,Johnston,sjohnstonj8@nbcnews.com,Male,86.207.56.157
694,Julie,Howard,jhowardj9@squidoo.com,Female,2.190.122.174
695,Joan,Barnes,jbarnesja@cnbc.com,Female,109.145.82.183
696,Jose,Davis,jdavisjb@vk.com,Male,120.2.138.232
697,Alan,Carpenter,acarpenterjc@microsoft.com,Male,180.14.23.96
698,Theresa,Bradley,tbradleyjd@creativecommons.org,Female,147.51.67.249
699,Louis,Gutierrez,lgutierrezje@discovery.com,Male,174.30.216.81
700,Henry,Stanley,hstanleyjf@360.cn,Male,45.90.122.206
701,Gloria,Alvarez,galvarezjg@mlb.com,Female,164.55.118.51
702,Benjamin,James,bjamesjh@sciencedaily.com,Male,230.148.180.132
703,Diane,Frazier,dfrazierji@sphinn.com,Female,40.201.24.160
704,Janet,Hunt,jhuntjj@yellowbook.com,Female,187.158.239.100
705,Lawrence,Hansen,lhansenjk@addtoany.com,Male,81.85.156.52
706,Jane,Hart,jhartjl@stumbleupon.com,Female,63.70.70.76
707,Sharon,Peters,spetersjm@army.mil,Female,122.102.223.17
708,Kenneth,Matthews,kmatthewsjn@comcast.net,Male,162.27.161.41
709,Joshua,Bennett,jbennettjo@abc.net.au,Male,198.192.73.89
710,Stephanie,Hamilton,shamiltonjp@youtube.com,Female,130.122.211.196
711,Betty,Moore,bmoorejq@chicagotribune.com,Female,166.179.223.126
712,Richard,Carroll,rcarrolljr@comcast.net,Male,61.124.60.132
713,Norma,Russell,nrusselljs@cmu.edu,Female,173.28.251.107
714,Henry,Dixon,hdixonjt@infoseek.co.jp,Male,202.166.231.85
715,Jacqueline,Chapman,jchapmanju@mysql.com,Female,188.80.53.129
716,Linda,Wallace,lwallacejv@discovery.com,Female,201.72.18.109
717,Katherine,Bell,kbelljw@homestead.com,Female,238.170.11.35
718,Terry,Peterson,tpetersonjx@miibeian.gov.cn,Male,132.196.134.143
719,Helen,Sanders,hsandersjy@guardian.co.uk,Female,118.122.164.188
720,Clarence,Myers,cmyersjz@php.net,Male,69.144.118.115
721,Aaron,Miller,amillerk0@nationalgeographic.com,Male,44.234.113.249
722,Dennis,Butler,dbutlerk1@house.gov,Male,254.165.184.62
723,Laura,Gardner,lgardnerk2@surveymonkey.com,Female,207.238.243.59
724,Cynthia,Ford,cfordk3@msu.edu,Female,20.243.217.146
725,William,Holmes,wholmesk4@pinterest.com,Male,253.75.182.110
726,Paula,Brooks,pbrooksk5@domainmarket.com,Female,167.27.134.192
727,Amy,Lee,aleek6@fotki.com,Female,244.114.62.138
728,Jean,Olson,jolsonk7@chron.com,Female,34.7.29.109
729,Brian,Ford,bfordk8@jiathis.com,Male,174.125.153.40
730,Victor,Kelly,vkellyk9@tuttocitta.it,Male,65.72.72.55
731,Thomas,Larson,tlarsonka@usda.gov,Male,254.220.121.141
732,Terry,Hernandez,thernandezkb@xing.com,Male,143.81.77.65
733,Frank,Sullivan,fsullivankc@cisco.com,Male,2.63.207.56
734,Peter,Stanley,pstanleykd@reference.com,Male,192.166.38.137
735,Robert,Powell,rpowellke@home.pl,Male,188.175.49.20
736,Ann,Mcdonald,amcdonaldkf@mail.ru,Female,167.83.127.208
737,Edward,Bowman,ebowmankg@topsy.com,Male,244.29.225.202
738,Kathryn,Gibson,kgibsonkh@wp.com,Female,114.198.222.139
739,Phillip,Webb,pwebbki@unicef.org,Male,102.105.163.55
740,Jacqueline,Barnes,jbarneskj@yellowpages.com,Female,139.155.194.139
741,Karen,Burns,kburnskk@omniture.com,Female,100.152.133.10
742,Richard,Bowman,rbowmankl@java.com,Male,183.174.46.255
743,Tammy,Anderson,tandersonkm@privacy.gov.au,Female,125.26.149.40
744,Carol,Morris,cmorriskn@shinystat.com,Female,113.32.251.137
745,Christopher,Carroll,ccarrollko@wordpress.org,Male,221.251.55.166
746,Anna,Thompson,athompsonkp@baidu.com,Female,124.74.77.112
747,Catherine,Wright,cwrightkq@issuu.com,Female,147.211.63.202
748,Jacqueline,Knight,jknightkr@usnews.com,Female,38.41.157.200
749,Wayne,Matthews,wmatthewsks@redcross.org,Male,146.201.178.51
750,Beverly,Carter,bcarterkt@tripadvisor.com,Female,53.179.224.72
751,Lois,Simmons,lsimmonsku@rakuten.co.jp,Female,81.100.32.66
752,Christina,Olson,colsonkv@friendfeed.com,Female,0.108.207.45
753,Irene,Larson,ilarsonkw@google.com.hk,Female,212.83.40.199
754,Paul,Nichols,pnicholskx@blogtalkradio.com,Male,20.201.148.160
755,Albert,Ellis,aellisky@cbslocal.com,Male,106.162.87.182
756,Harold,Hawkins,hhawkinskz@tmall.com,Male,74.228.229.121
757,Kevin,Pierce,kpiercel0@shop-pro.jp,Male,109.214.44.48
758,Sarah,Harrison,sharrisonl1@myspace.com,Female,182.107.242.156
759,Jean,Woods,jwoodsl2@amazon.de,Female,133.56.130.31
760,Emily,Bailey,ebaileyl3@weather.com,Female,205.116.104.83
761,Dennis,Ortiz,dortizl4@unicef.org,Male,173.22.18.61
762,Deborah,Harris,dharrisl5@discovery.com,Female,31.26.99.236
763,Jonathan,Patterson,jpattersonl6@github.com,Male,139.12.94.144
764,Alan,Knight,aknightl7@netlog.com,Male,100.190.146.125
765,Debra,Gomez,dgomezl8@squidoo.com,Female,175.244.132.142
766,Daniel,Stephens,dstephensl9@blog.com,Male,109.215.125.48
767,Wayne,Stephens,wstephensla@microsoft.com,Male,138.254.34.119
768,Benjamin,Taylor,btaylorlb@europa.eu,Male,24.237.106.108
769,Roger,Davis,rdavislc@paypal.com,Male,1.96.144.112
770,Joshua,Allen,jallenld@howstuffworks.com,Male,162.157.72.246
771,Wayne,Dixon,wdixonle@wikimedia.org,Male,131.165.85.105
772,Kevin,Kim,kkimlf@youtube.com,Male,219.93.1.93
773,Donna,Ramos,dramoslg@canalblog.com,Female,241.217.243.1
774,Lori,Ryan,lryanlh@mapquest.com,Female,29.72.152.160
775,Jesse,Rose,jroseli@senate.gov,Male,146.153.143.50
776,Judith,Jackson,jjacksonlj@ihg.com,Female,229.30.201.26
777,Virginia,Alexander,valexanderlk@jalbum.net,Female,14.229.5.48
778,Sara,Moreno,smorenoll@themeforest.net,Female,215.233.241.184
779,Julie,Moore,jmoorelm@smugmug.com,Female,65.235.119.68
780,Gregory,West,gwestln@edublogs.org,Male,17.240.1.138
781,Bruce,Mccoy,bmccoylo@whitehouse.gov,Male,173.207.95.46
782,Ryan,Richardson,rrichardsonlp@4shared.com,Male,75.157.126.219
783,Lois,Schmidt,lschmidtlq@sina.com.cn,Female,203.168.115.223
784,Anna,Hudson,ahudsonlr@so-net.ne.jp,Female,188.52.51.190
785,Billy,Medina,bmedinals@statcounter.com,Male,78.163.94.120
786,Denise,Griffin,dgriffinlt@europa.eu,Female,162.77.185.89
787,Johnny,Garrett,jgarrettlu@forbes.com,Male,183.195.200.112
788,Brandon,Bryant,bbryantlv@nba.com,Male,123.153.121.235
789,Elizabeth,Peters,epeterslw@angelfire.com,Female,167.138.119.234
790,Jacqueline,Tucker,jtuckerlx@eventbrite.com,Female,176.130.77.26
791,Scott,Martin,smartinly@reddit.com,Male,171.136.72.150
792,Christina,Gilbert,cgilbertlz@newsvine.com,Female,235.141.89.162
793,Barbara,Johnson,bjohnsonm0@nifty.com,Female,74.236.34.127
794,Kathy,Williams,kwilliamsm1@google.co.uk,Female,5.24.134.100
795,Joshua,Russell,jrussellm2@theglobeandmail.com,Male,78.74.58.229
796,Shirley,Bowman,sbowmanm3@gnu.org,Female,133.228.208.72
797,Ruby,Martinez,rmartinezm4@vkontakte.ru,Female,242.70.211.73
798,Robin,Vasquez,rvasquezm5@bing.com,Female,178.157.2.232
799,Henry,Spencer,hspencerm6@paginegialle.it,Male,148.115.132.168
800,Raymond,Shaw,rshawm7@jigsy.com,Male,223.235.48.231
801,Phyllis,Price,ppricem8@smh.com.au,Female,245.126.115.115
802,Jack,Thomas,jthomasm9@i2i.jp,Male,191.78.101.228
803,Dennis,Gilbert,dgilbertma@virginia.edu,Male,99.199.223.183
804,Joseph,Nguyen,jnguyenmb@paginegialle.it,Male,63.79.121.35
805,Judith,Bradley,jbradleymc@wikimedia.org,Female,15.61.2.6
806,Shawn,Gardner,sgardnermd@latimes.com,Male,208.30.118.16
807,Wayne,Johnston,wjohnstonme@loc.gov,Male,46.231.124.166
808,Paula,Crawford,pcrawfordmf@mlb.com,Female,230.190.98.19
809,Helen,Wagner,hwagnermg@cdc.gov,Female,35.195.12.243
810,Cheryl,Lewis,clewismh@mlb.com,Female,36.1.139.15
811,Edward,Cooper,ecoopermi@cbslocal.com,Male,2.136.114.182
812,Melissa,Alexander,malexandermj@infoseek.co.jp,Female,208.77.235.78
813,Dennis,Allen,dallenmk@yahoo.com,Male,175.133.232.106
814,Roger,Matthews,rmatthewsml@w3.org,Male,194.126.167.32
815,Cynthia,Peterson,cpetersonmm@cnbc.com,Female,104.50.68.99
816,Clarence,Morales,cmoralesmn@imageshack.us,Male,243.204.150.19
817,Virginia,Owens,vowensmo@merriam-webster.com,Female,189.251.130.96
818,Kathryn,Thompson,kthompsonmp@soup.io,Female,191.186.213.114
819,Frank,Pierce,fpiercemq@arstechnica.com,Male,233.51.74.248
820,Anna,Gordon,agordonmr@apache.org,Female,14.1.63.181
821,Susan,Chavez,schavezms@bbb.org,Female,55.174.245.4
822,Brian,Price,bpricemt@cisco.com,Male,25.126.183.139
823,Deborah,Hunt,dhuntmu@dailymotion.com,Female,220.59.77.72
824,Sandra,Lewis,slewismv@dropbox.com,Female,241.38.100.107
825,Kelly,Pierce,kpiercemw@livejournal.com,Female,126.60.187.117
826,Jean,Grant,jgrantmx@youtube.com,Female,90.84.215.4
827,Joyce,Turner,jturnermy@google.it,Female,114.194.2.176
828,Ronald,Rodriguez,rrodriguezmz@wsj.com,Male,112.92.28.125
829,Lori,Medina,lmedinan0@liveinternet.ru,Female,218.53.43.162
830,Stephanie,Griffin,sgriffinn1@google.ca,Female,81.206.7.10
831,Jesse,Gardner,jgardnern2@unicef.org,Male,159.48.180.184
832,Harry,Perkins,hperkinsn3@desdev.cn,Male,200.111.211.253
833,Teresa,Arnold,tarnoldn4@topsy.com,Female,253.209.128.136
834,Joan,Richardson,jrichardsonn5@networkadvertising.org,Female,129.90.218.185
835,Steve,Henderson,shendersonn6@gov.uk,Male,66.194.200.46
836,Steve,Rose,srosen7@timesonline.co.uk,Male,149.75.164.8
837,Jean,Hansen,jhansenn8@netscape.com,Female,161.232.108.251
838,Annie,Owens,aowensn9@digg.com,Female,211.168.124.60
839,Johnny,Bailey,jbaileyna@theatlantic.com,Male,10.155.253.119
840,Lori,Jackson,ljacksonnb@t-online.de,Female,23.4.25.31
841,Jose,Stevens,jstevensnc@independent.co.uk,Male,146.149.75.104
842,Andrea,Ross,arossnd@umn.edu,Female,89.178.46.0
843,Shirley,Riley,srileyne@photobucket.com,Female,38.60.125.70
844,Wanda,Jones,wjonesnf@timesonline.co.uk,Female,250.11.157.71
845,Nancy,Arnold,narnoldng@moonfruit.com,Female,242.206.77.235
846,Anne,Powell,apowellnh@woothemes.com,Female,194.153.29.247
847,Sean,Rice,sriceni@google.com.br,Male,118.125.186.17
848,Sara,Ramos,sramosnj@wikipedia.org,Female,33.16.217.22
849,Gerald,Moreno,gmorenonk@blogtalkradio.com,Male,68.184.70.178
850,Kathleen,Perry,kperrynl@hubpages.com,Female,44.51.254.193
851,Judy,Mendoza,jmendozanm@cnbc.com,Female,94.168.112.44
852,Joan,Fowler,jfowlernn@cdbaby.com,Female,48.37.204.191
853,Christopher,Hansen,chansenno@miibeian.gov.cn,Male,134.118.92.15
854,Terry,George,tgeorgenp@smh.com.au,Male,172.23.208.24
855,Betty,Bryant,bbryantnq@economist.com,Female,214.77.124.175
856,Marie,Graham,mgrahamnr@washington.edu,Female,194.221.56.139
857,Anne,Ray,arayns@princeton.edu,Female,64.144.132.239
858,Christina,Cunningham,ccunninghamnt@chronoengine.com,Female,233.150.201.19
859,Debra,Sullivan,dsullivannu@acquirethisname.com,Female,114.238.23.162
860,Scott,Graham,sgrahamnv@phpbb.com,Male,164.130.136.209
861,Ralph,Alexander,ralexandernw@soup.io,Male,140.139.57.209
862,Carolyn,Russell,crussellnx@g.co,Female,212.122.198.137
863,Ralph,Robinson,rrobinsonny@quantcast.com,Male,36.123.86.36
864,Jessica,Alexander,jalexandernz@themeforest.net,Female,211.36.193.164
865,Kevin,Robinson,krobinsono0@netscape.com,Male,217.62.208.196
866,Pamela,Armstrong,parmstrongo1@g.co,Female,119.224.160.124
867,Betty,Carpenter,bcarpentero2@unesco.org,Female,74.186.144.97
868,Johnny,Berry,jberryo3@360.cn,Male,50.97.76.158
869,Diane,Payne,dpayneo4@weebly.com,Female,192.193.101.29
870,Laura,Alvarez,lalvarezo5@amazon.com,Female,107.100.143.230
871,Joyce,Austin,jaustino6@odnoklassniki.ru,Female,120.182.167.92
872,Jeremy,Daniels,jdanielso7@hc360.com,Male,48.188.11.110
873,Craig,Fox,cfoxo8@bloglines.com,Male,115.134.44.24
874,Kathy,Foster,kfostero9@umich.edu,Female,70.204.115.176
875,Lisa,Riley,lrileyoa@nsw.gov.au,Female,33.253.36.104
876,Sara,Long,slongob@surveymonkey.com,Female,219.70.134.15
877,Christopher,Olson,colsonoc@dagondesign.com,Male,167.78.4.223
878,Nicholas,Warren,nwarrenod@slate.com,Male,85.9.81.137
879,Peter,Hart,phartoe@arstechnica.com,Male,217.198.155.92
880,Rebecca,Watson,rwatsonof@weibo.com,Female,6.89.187.224
881,Thomas,Reed,treedog@reference.com,Male,110.155.219.19
882,Peter,Hudson,phudsonoh@oracle.com,Male,117.177.36.207
883,Willie,Harper,wharperoi@archive.org,Male,103.36.225.237
884,Christopher,Mills,cmillsoj@aol.com,Male,210.82.203.90
885,Antonio,Meyer,ameyerok@comsenz.com,Male,187.44.25.107
886,Juan,Johnson,jjohnsonol@cnbc.com,Male,196.192.146.100
887,Nicole,Hicks,nhicksom@dailymotion.com,Female,20.68.242.130
888,Andrea,Kelly,akellyon@free.fr,Female,241.249.108.89
889,Debra,Martin,dmartinoo@quantcast.com,Female,103.7.167.29
890,Evelyn,Dixon,edixonop@marriott.com,Female,211.110.12.246
891,Debra,Cook,dcookoq@cdbaby.com,Female,2.238.78.46
892,Donald,Washington,dwashingtonor@ucsd.edu,Male,213.115.240.152
893,Stephen,Clark,sclarkos@hp.com,Male,108.19.98.155
894,Anthony,Adams,aadamsot@freewebs.com,Male,122.243.8.15
895,Joan,Hunt,jhuntou@jigsy.com,Female,192.162.237.230
896,Catherine,Cole,ccoleov@fastcompany.com,Female,226.85.89.64
897,Brian,Wheeler,bwheelerow@a8.net,Male,251.79.133.88
898,Marilyn,Hall,mhallox@linkedin.com,Female,102.0.161.147
899,Kelly,West,kwestoy@google.ru,Female,104.11.133.35
900,Patrick,Alvarez,palvarezoz@aol.com,Male,90.6.237.171
901,Matthew,Weaver,mweaverp0@parallels.com,Male,10.2.254.38
902,Bobby,Black,bblackp1@slideshare.net,Male,26.76.212.98
903,Antonio,Allen,aallenp2@so-net.ne.jp,Male,254.84.186.148
904,Debra,Fowler,dfowlerp3@imgur.com,Female,154.137.22.253
905,Douglas,Price,dpricep4@cocolog-nifty.com,Male,143.39.48.218
906,Edward,Rice,ericep5@craigslist.org,Male,25.146.200.10
907,Tammy,Dunn,tdunnp6@exblog.jp,Female,101.98.9.201
908,Andrea,Taylor,ataylorp7@berkeley.edu,Female,59.148.247.217
909,John,Ford,jfordp8@sphinn.com,Male,53.235.243.174
910,Martin,Ruiz,mruizp9@addthis.com,Male,220.198.207.9
911,Debra,Martin,dmartinpa@github.com,Female,206.99.207.35
912,Carol,Warren,cwarrenpb@unc.edu,Female,58.235.0.15
913,Michelle,Hanson,mhansonpc@yellowbook.com,Female,199.6.82.239
914,Juan,Franklin,jfranklinpd@cnet.com,Male,60.206.102.25
915,Paula,Nelson,pnelsonpe@hexun.com,Female,1.248.54.127
916,Martin,Webb,mwebbpf@sfgate.com,Male,70.92.223.79
917,Lori,Reyes,lreyespg@adobe.com,Female,198.171.199.161
918,Angela,Hill,ahillph@icio.us,Female,136.65.63.248
919,Marie,Mccoy,mmccoypi@jugem.jp,Female,238.179.116.117
920,Randy,Cook,rcookpj@istockphoto.com,Male,18.63.16.10
921,Judith,Cruz,jcruzpk@techcrunch.com,Female,224.1.178.101
922,Brenda,Willis,bwillispl@webs.com,Female,121.170.3.142
923,Denise,Marshall,dmarshallpm@tripadvisor.com,Female,7.183.239.55
924,Sean,Simpson,ssimpsonpn@ted.com,Male,177.104.166.158
925,Jonathan,Fisher,jfisherpo@scientificamerican.com,Male,87.69.42.230
926,Gregory,Chavez,gchavezpp@businessinsider.com,Male,174.56.200.204
927,Carlos,Daniels,cdanielspq@moonfruit.com,Male,65.215.206.164
928,Dennis,West,dwestpr@shop-pro.jp,Male,238.160.235.40
929,Eugene,Hernandez,ehernandezps@purevolume.com,Male,181.32.157.12
930,Katherine,Brown,kbrownpt@admin.ch,Female,126.118.122.133
931,Nicole,Jones,njonespu@tinyurl.com,Female,28.84.177.3
932,Chris,Armstrong,carmstrongpv@t.co,Male,11.13.147.142
933,Albert,Sanders,asanderspw@unesco.org,Male,124.201.198.87
934,Jose,Vasquez,jvasquezpx@deviantart.com,Male,9.50.186.158
935,Andrew,Robinson,arobinsonpy@illinois.edu,Male,26.49.223.229
936,Walter,Crawford,wcrawfordpz@vimeo.com,Male,118.162.150.34
937,Charles,Reed,creedq0@upenn.edu,Male,153.33.11.87
938,Amy,Fox,afoxq1@umich.edu,Female,49.165.110.46
939,Matthew,Marshall,mmarshallq2@harvard.edu,Male,80.192.232.88
940,Tina,Fowler,tfowlerq3@yahoo.com,Female,24.237.139.106
941,Henry,Morales,hmoralesq4@etsy.com,Male,231.61.198.58
942,Ann,Graham,agrahamq5@ft.com,Female,11.228.101.215
943,Lillian,Nichols,lnicholsq6@w3.org,Female,45.14.172.228
944,Anne,Weaver,aweaverq7@jiathis.com,Female,119.209.169.19
945,Douglas,Johnson,djohnsonq8@trellian.com,Male,192.85.178.198
946,Lois,Ferguson,lfergusonq9@redcross.org,Female,177.5.195.185
947,Antonio,Carroll,acarrollqa@elegantthemes.com,Male,132.28.235.66
948,Melissa,Ruiz,mruizqb@ftc.gov,Female,150.173.43.93
949,Julie,Elliott,jelliottqc@admin.ch,Female,8.151.254.86
950,Bonnie,Young,byoungqd@chronoengine.com,Female,14.52.61.67
951,Philip,Chavez,pchavezqe@altervista.org,Male,109.209.95.112
952,Timothy,Bryant,tbryantqf@nydailynews.com,Male,76.107.136.176
953,Lawrence,Perez,lperezqg@last.fm,Male,190.164.82.6
954,Joseph,Young,jyoungqh@ustream.tv,Male,38.124.22.45
955,Tammy,Hart,thartqi@blogtalkradio.com,Female,65.45.167.36
956,Pamela,Torres,ptorresqj@salon.com,Female,75.162.177.24
957,Sara,Phillips,sphillipsqk@ca.gov,Female,12.186.113.17
958,Helen,Price,hpriceql@reference.com,Female,51.231.116.114
959,Lillian,Turner,lturnerqm@harvard.edu,Female,149.186.112.178
960,Judy,Crawford,jcrawfordqn@ox.ac.uk,Female,235.170.0.188
961,Joan,Hayes,jhayesqo@canalblog.com,Female,10.62.197.33
962,Robin,Lewis,rlewisqp@ehow.com,Female,138.173.185.203
963,Benjamin,Lewis,blewisqq@canalblog.com,Male,13.153.193.17
964,Brian,Lawrence,blawrenceqr@nifty.com,Male,253.244.106.162
965,Randy,Brooks,rbrooksqs@mit.edu,Male,212.91.247.89
966,Ralph,Hart,rhartqt@npr.org,Male,83.64.19.154
967,Janice,Gray,jgrayqu@webs.com,Female,111.201.84.19
968,Jean,Phillips,jphillipsqv@yandex.ru,Female,121.205.15.131
969,Wanda,Ross,wrossqw@cmu.edu,Female,192.122.203.168
970,Kathy,Henderson,khendersonqx@behance.net,Female,105.48.59.250
971,Marie,Kelley,mkelleyqy@desdev.cn,Female,59.166.135.151
972,Diane,Kim,dkimqz@bluehost.com,Female,193.4.120.15
973,Katherine,Parker,kparkerr0@goo.ne.jp,Female,253.25.102.156
974,Pamela,Nichols,pnicholsr1@discovery.com,Female,40.121.44.238
975,Henry,Perry,hperryr2@slate.com,Male,147.34.206.9
976,Mary,Alvarez,malvarezr3@arstechnica.com,Female,60.28.141.9
977,Susan,Marshall,smarshallr4@multiply.com,Female,243.106.119.232
978,Paula,Ortiz,portizr5@gov.uk,Female,75.215.94.170
979,Joyce,Medina,jmedinar6@is.gd,Female,71.72.46.92
980,Shawn,Kennedy,skennedyr7@jugem.jp,Male,25.11.249.188
981,Joyce,Little,jlittler8@skype.com,Female,242.204.55.24
982,Jennifer,Reid,jreidr9@shareasale.com,Female,65.176.30.235
983,Doris,Hall,dhallra@360.cn,Female,165.192.107.115
984,Peter,Welch,pwelchrb@mozilla.org,Male,105.200.156.150
985,Scott,Boyd,sboydrc@usnews.com,Male,206.81.113.54
986,Edward,Jenkins,ejenkinsrd@comsenz.com,Male,211.132.112.246
987,Bonnie,Cruz,bcruzre@cmu.edu,Female,80.26.225.239
988,Joe,Fuller,jfullerrf@myspace.com,Male,4.146.194.12
989,Judith,Coleman,jcolemanrg@hubpages.com,Female,164.71.43.236
990,Samuel,Nelson,snelsonrh@uiuc.edu,Male,101.77.146.205
991,Phillip,Berry,pberryri@reuters.com,Male,178.119.168.252
992,Joe,Daniels,jdanielsrj@buzzfeed.com,Male,236.171.134.47
993,Tina,Jackson,tjacksonrk@cdbaby.com,Female,91.34.51.188
994,Susan,Edwards,sedwardsrl@psu.edu,Female,16.34.180.55
995,Earl,Mitchell,emitchellrm@ycombinator.com,Male,49.26.39.242
996,Ruth,Day,rdayrn@prlog.org,Female,199.162.138.165
997,Bobby,Jones,bjonesro@dailymotion.com,Male,216.68.206.103
998,Willie,Little,wlittlerp@fc2.com,Male,165.29.23.152
999,Gloria,Black,gblackrq@nyu.edu,Female,78.30.16.11
1000,Steven,Hicks,shicksrr@walmart.com,Male,62.52.47.34
